Time,V(OA8.nOUT),I(OA8.nOUT),
0.000001,-7.428363961039281e-7,0.000001169002115229916,
0.000002,-0.000004654027108879587,0.0000024912267378102487,
0.000003,-8.780158753942485e-7,0.0000037699602395245825,
0.000004,0.00001656294791693925,0.000004995816475493382,
0.000005,0.00005134597089200512,0.000006169126691422268,
0.000006,0.00010671227591291401,0.00000729115176851666,
0.000007,0.0001857248736329948,0.000008363219611016061,
0.000008,0.0002913040338076536,0.000009386640826265387,
0.000009,0.00042623471121651396,0.000010362700826980548,
0.00001,0.0005931705621380557,0.000011292659432620627,
0.000011,0.0007946375048820467,0.00001217775120223463,
0.000012,0.0010330371665050958,0.000013019185834350683,
0.000013,0.001310650255223119,0.00001381814856871906,
0.000014,0.0016296398638857815,0.000014575800583552772,
0.000015,0.001992054706088402,0.000015293279387685026,
0.000016,0.002399832286071114,0.000015971699207629648,
0.000017,0.0028548020034964536,0.000016612151369586068,
0.000018,0.0033586881941776144,0.00001721570467643589,
0.000019,0.003913113107814989,0.000017783405779778315,
0.00002,0.0045195998237846195,0.00001831627954705169,
0.000021,0.005179575106008342,0.000018815329423788278,
0.000022,0.0058943721979217,0.00001928153779104913,
0.000023,0.006665233558542157,0.000019715866318085872,
0.000024,0.0074933135406266985,0.000020119256310275923,
0.000025,0.008379681011894608,0.000020492629052377648,
0.000026,0.009325321920278053,0.00002083688614715153,
0.000027,0.010331141804150044,0.000021152909849393493,
0.000028,0.011397968248466478,0.000021441563395426195,
0.000029,0.012526553287746139,0.000021703691328093888,
0.00003,0.01371757575679992,0.000021940119817306335,
0.000031,0.014971643590108006,0.000022151656976176984,
0.000032,0.016289296070731343,0.000022339093172800432,
0.000033,0.01767100602963149,0.000022503201337713992,
0.000034,0.019117181996260765,0.000022644737267087938,
0.000035,0.020628170301272637,0.000022764439921688817,
0.000036,0.022204257132190385,0.000022863031721659944,
0.000037,0.023845670542860308,0.000022941218837163037,
0.000038,0.025552582417504136,0.00002299969147492462,
0.000039,0.027325110390173716,0.000023039124160730733,
0.00004,0.02916331972039979,0.000023060176017913003,
0.000041,0.031067225125815237,0.000023063491041869268,
0.000042,0.033036792572522185,0.000023049698370661267,
0.000043,0.035071941023961176,0.00002301941255173199,
0.000044,0.03717254414902984,0.000022973233804784952,
0.000045,0.039338431990187654,0.000022911748280867215,
0.000046,0.04156939259227268,0.000022835528317698103,
0.000047,0.043865173592745665,0.000022745132691284884,
0.000048,0.0462254837740664,0.000022641106863866747,
0.000049,0.048649994578897106,0.000022523983228227966,
0.00005,0.051138341588816964,0.000022394281348421004,
0.000051,0.05369012596722241,0.000022252508196939927,
0.000052,0.05630491586707736,0.000022099158388384266,
0.000053,0.058982247804167894,0.000021934714409653336,
0.000054,0.06172162799650623,0.00002175964684671047,
0.000055,0.06452253367051887,0.000021574414607956688,
0.000056,0.06738441433464473,0.000021379465144252704,
0.000057,0.07030669302095928,0.000021175234665628258,
0.000058,0.07328876749543164,0.000020962148354717146,
0.000059,0.07633001143741201,0.000020740620576956313,
0.00006,0.07942977558893859,0.000020511055087586935,
0.000061,0.08258738887444278,0.000020273845235495165,
0.000062,0.08580215949142411,0.000020029374163930054,
0.000063,0.0890733759726564,0.000019778015008135684,
0.000064,0.09240030822047847,0.00001952013108993443,
0.000065,0.09578220851371437,0.000019256076109297914,
0.000066,0.09921831248775889,0.000018986194332941982,
0.000067,0.10270784008835693,0.00001871082077998159,
0.000068,0.10624999649959556,0.00001843028140468155,
0.000069,0.10984397304662107,0.000018144893276338354,
0.00007,0.1134889480735838,0.000017854964756328366,
0.000071,0.11718408779730652,0.000017560795672357267,
0.000072,0.120928547137164,0.000017262677489945267,
0.000073,0.1247214705216535,0.00001696089348118246,
0.000074,0.12856199267212853,0.000016655718890788307,
0.000075,0.13244923936416025,0.000016347421099509024,
0.000076,0.13638232816698398,0.000016036259784886288,
0.000077,0.14036036916148045,0.000015722487079430472,
0.000078,0.1443824656371342,0.00001540634772623122,
0.000079,0.14844771476840463,0.000015088079232038082,
0.00008,0.15255520827093758,0.000014767912017843433,
0.000081,0.15670403303803934,0.000014446069566999675,
0.000082,0.16089327175782622,0.000014122768570902597,
0.000083,0.16512200351145837,0.000013798219072272283,
0.000084,0.1693893043528576,0.000013472624606062705,
0.000085,0.17369424787030371,0.000013146182338031,
0.000086,0.17803590573029698,0.00001281908320099694,
0.000087,0.1824133482040672,0.000012491512028823073,
0.000088,0.18682564467710455,0.000012163647688145411,
0.000089,0.19127186414208006,0.000011835663207884655,
0.00009,0.19575107567551828,0.000011507725906567187,
0.000091,0.20026234889857764,0.000011179997517485323,
0.000092,0.20480475442228843,0.000010852634311725585,
0.000093,0.2093773642775927,0.0000105257872190937,
0.000094,0.2139792523305236,0.00001019960194696472,
0.000095,0.21860949468285648,0.000009874219097086411,
0.000096,0.22326717005855845,0.000009549774280363677,
0.000097,0.22795136017635675,0.000009226398229651623,
0.000098,0.23266115010874155,0.000008904216910584512,
0.000099,0.2373956286277123,0.000008583351630467735,
0.0001,0.24215388853757278,0.000008263919145259395,
0.000101,0.24693502699507303,0.000007946031764668098,
0.000102,0.25173814581719134,0.000007629797455393083,
0.000103,0.2565623517768466,0.000007315319942532759,
0.000104,0.26140675688682175,0.000007002698809187148,
0.000105,0.2662704786721789,0.000006692029594279782,
0.000106,0.27115264043143744,0.000006383403888624174,
0.000107,0.27605237148678485,0.00000607690942925971,
0.000108,0.28096880742358293,0.000005772630192081646,
0.000109,0.28590109031942823,0.000005470646482789487,
0.00011,0.2908483689630209,0.0000051710350261780064,
0.000111,0.2958097990630908,0.000004873869053794592,
0.000112,0.3007845434476261,0.000004579218389986559,
0.000113,0.3057717722536449,0.000004287149536361903,
0.000114,0.31077066310774387,0.000003997725754686406,
0.000115,0.31578040129765816,0.0000037110071482399464,
0.000116,0.3208001799350569,0.000003427050741654755,
0.000117,0.32582920010979904,0.0000031459105592577632,
0.000118,0.33086667103586753,0.000002867637701939292,
0.000119,0.3359118101891955,0.0000025922804225697246,
0.00012,0.34096384343759695,0.0000023198841999860547,
0.000121,0.3460220051630059,0.0000020504918115693507,
0.000122,0.35108553837622875,0.0000017841434044344772,
0.000123,0.3561536948244069,0.0000015208765652528443,
0.000124,0.36122573509138517,0.0000012607263887288357,
0.000125,0.36630092869117686,0.0000010037255447503589,
0.000126,0.37137855415471255,7.499043442335814e-7,
0.000127,0.3764578991100569,4.992908036819724e-7,
0.000128,0.38153826035627253,2.5191070847907946e-7,
0.000129,0.38661894393110857,7.787674934769973e-9,
0.00013,0.3916992651726859,-2.330567888960182e-7,
0.000131,0.3967785487753494,-4.706032236028031e-7,
0.000132,0.40185612883985294,-7.048341599988204e-7,
0.000133,0.40693134891804006,-9.357340618712957e-7,
0.000134,0.4120035620521805,-0.0000011632892698842866,
0.000135,0.4170721308091179,-0.0000013874879466163678,
0.000136,0.4221364273093827,-0.000001608320022714725,
0.000137,0.4271958332514198,-0.000001825777144148383,
0.000138,0.43224973993107835,-0.0000020398526205429835,
0.000139,0.43729754825650735,-0.0000022505413745797223,
0.00014,0.44233866875859845,-0.0000024578398924416187,
0.000141,0.447372521597113,-0.0000026617461752901047,
0.000142,0.45239853656263,-0.0000028622596917554447,
0.000143,0.45741615307444594,-0.0000030593813314244372,
0.000144,0.46242482017455677,-0.0000032531133593093475,
0.000145,0.46742399651784877,-0.000003443459371281874,
0.000146,0.47241315035862225,-0.0000036304242504565818,
0.000147,0.4773917595335695,-0.0000038140141245079117,
0.000148,0.48235931144132577,-0.0000039942363239056065,
0.000149,0.48731530301871023,-0.000004171099341053276,
0.00015,0.49225924071376914,-0.000004344612790314923,
0.000151,0.497190640455734,-0.000004514787368914894,
0.000152,0.5021090276220038,-0.000004681634818696459,
0.000153,0.5070139370022546,-0.000004845167888724541,
0.000154,0.511904912759785,-0.000005005400298718414,
0.000155,0.5167815083901961,-0.0000051623467033004335,
0.000156,0.5216432866775061,-0.000005316022657046599,
0.000157,0.526489819647798,-0.00000546644458032567,
0.000158,0.5313206885204921,-0.000005613629725912921,
0.000159,0.5361354836573421,-0.000005757596146365496,
0.00016,0.5409338045092378,-0.000005898362662146083,
0.000161,0.5457152595609098,-0.000006035948830481976,
0.000162,0.5504794662736194,-0.000006170374914946635,
0.000163,0.5552260510259178,-0.000006301661855751282,
0.000164,0.5599546490525595,-0.000006429831240733906,
0.000165,0.5646649043816485,-0.000006554905277033526,
0.000166,0.5693564697700971,-0.000006676906763437466,
0.000167,0.5740290066374737,-0.000006795859063389946,
0.000168,0.5786821849983138,-0.00000691178607864977,
0.000169,0.5833156833929699,-0.000007024712223585936,
0.00017,0.5879291888170683,-0.000007134662400099492,
0.000171,0.5925223966496447,-0.000007241661973160298,
0.000172,0.5970950105800259,-0.0000073457367469477044,
0.000173,0.601646742533524,-0.0000074469129415840615,
0.000174,0.606177312596007,-0.000007545217170450275,
0.000175,0.61068644893741,-0.000007640676418072673,
0.000176,0.6151738877342458,-0.000007733318018570784,
0.000177,0.6196393730911793,-0.000007823169634655558,
0.000178,0.6240826569617187,-0.00000791025923716781,
0.000179,0.628503499068083,-0.000007994615085146905,
0.00018,0.6329016668203016,-0.000008076265706419627,
0.000181,0.6372769352345987,-0.000008155239878699597,
0.000182,0.6416290868511145,-0.000008231566611187453,
0.000183,0.6459579116510146,-0.000008305275126662417,
0.000184,0.6502632069730382,-0.000008376394844055845,
0.000185,0.6545447774295327,-0.00000844495536149748,
0.000186,0.6588024348220195,-0.000008510986439825477,
0.000187,0.6630359980563418,-0.000008574517986551068,
0.000188,0.6672452930574327,-0.000008635580040269187,
0.000189,0.6714301526837512,-0.000008694202755506405,
0.00019,0.6755904166414262,-0.000008750416387997405,
0.000191,0.6797259313981499,-0.000008804251280381853,
0.000192,0.6838365500968583,-0.000008855737848313219,
0.000193,0.6879221324692415,-0.000008904906566971374,
0.000194,0.6919825447491146,-0.000008951787957970972,
0.000195,0.6960176595856926,-0.000008996412576657749,
0.000196,0.7000273559567979,-0.000009038810999784756,
0.000197,0.7040115190820397,-0.000009079013813561149,
0.000198,0.7079700403359949,-0.000009117051602065617,
0.000199,0.7119028171614227,-0.000009152954936017395,
0.0002,0.7158097529825468,-0.00000918675436189718,
0.000201,0.7196907571184314,-0.000009218480391411027,
0.000202,0.7235457446964833,-0.00000924816349129001,
0.000203,0.7273746365661042,-0.00000927583407341862,
0.000204,0.731177359212527,-0.000009301522485285205,
0.000205,0.7349538446708539,-0.000009325259000747417,
0.000206,0.7387040304403295,-0.000009347073811106365,
0.000207,0.7424278593988686,-0.000009366997016482631,
0.000208,0.7461252797178641,-0.000009385058617487838,
0.000209,0.7497962447772984,-0.000009401288507185505,
0.00021,0.7534407130811792,-0.000009415716463334792,
0.000211,0.7570586481733217,-0.000009428372140911147,
0.000212,0.760650018553498,-0.000009439285064897794,
0.000213,0.7642147975939725,-0.000009448484623342089,
0.000214,0.7677529634564438,-0.000009456000060670945,
0.000215,0.7712644990094099,-0.000009461860471259652,
0.000216,0.7747493917459753,-0.000009466094793248321,
0.000217,0.7782076337021174,-0.000009468731802600573,
0.000218,0.7816392213754262,-0.000009469800107398867,
0.000219,0.7850441556443359,-0.0000094693281423712,
0.00022,0.788422441687861,-0.000009467344163643915,
0.000221,0.7917740889058532,-0.000009463876243715467,
0.000222,0.7950991108397902,-0.000009458952266645846,
0.000223,0.7983975250941127,-0.000009452599923457038,
0.000224,0.8016693532581194,-0.000009444846707739242,
0.000225,0.8049146208284341,-0.000009435719911458192,
0.000226,0.8081333571320543,-0.000009425246620958924,
0.000227,0.811325595249993,-0.000009413453713160991,
0.000228,0.8144913719415262,-0.000009400367851940994,
0.000229,0.8176307275690509,-0.00000938601548469755,
0.00023,0.8207437060235685,-0.00000937042283909453,
0.000231,0.8238303546507987,-0.000009353615919977984,
0.000232,0.8268907241779319,-0.000009335620506462784,
0.000233,0.8299248686410327,-0.000009316462149184529,
0.000234,0.8329328453130953,-0.000009296166167712701,
0.000235,0.8359147146327629,-0.000009274757648121104,
0.000236,0.8388705401337145,-0.000009252261440711498,
0.000237,0.8418003883747281,-0.000009228702157886595,
0.000238,0.8447043288704218,-0.000009204104172168549,
0.000239,0.8475824340226827,-0.000009178491614359289,
0.00024,0.8504347790527855,-0.000009151888371838924,
0.000241,0.8532614419342054,-0.000009124318086998538,
0.000242,0.856062503326131,-0.000009095804155804038,
0.000243,0.8588380465076801,-0.000009066369726487354,
0.000244,0.8615881573128208,-0.000009036037698361674,
0.000245,0.8643129240660031,-0.0000090048307207574,
0.000246,0.8670124375185011,-0.000008972771192075374,
0.000247,0.8696867907854717,-0.000008939881258954449,
0.000248,0.8723360792837274,-0.000008906182815549837,
0.000249,0.874960400670229,-0.000008871697502919462,
0.00025,0.8775598547812972,-0.000008836446708515081,
0.000251,0.8801345435725465,-0.000008800451565775368,
0.000252,0.8826845710595389,-0.000008763732953817796,
0.000253,0.8852100432591616,-0.000008726311497226612,
0.000254,0.8877110681317274,-0.00000868820756593406,
0.000255,0.8901877555237968,-0.000008649441275192105,
0.000256,0.8926402171117247,-0.000008610032485631825,
0.000257,0.8950685663459284,-0.0000085700008034081,
0.000258,0.8974729183958777,-0.000008529365580426618,
0.000259,0.8998533900958054,-0.000008488145914650992,
0.00026,0.902210099891139,-0.00000844636065048731,
0.000261,0.9045431677856495,-0.000008404028379243784,
0.000262,0.9068527152893187,-0.00000836116743966295,
0.000263,0.90913886536692,-0.000008317795918524176,
0.000264,0.9114017423873157,-0.000008273931651314301,
0.000265,0.9136414720734625,-0.000008229592222963803,
0.000266,0.9158581814531286,-0.000008184794968646789,
0.000267,0.9180519988103164,-0.000008139556974642078,
0.000268,0.9202230536373899,-0.00000809389507925385,
0.000269,0.9223714765879027,-0.000008047825873789283,
0.00027,0.9244973994301272,-0.000008001365703591574,
0.000271,0.9266009550012744,-0.000007954530669126,
0.000272,0.9286822771624107,-0.0000079073366271174,
0.000273,0.9307415007540617,-0.00000785979919173687,
0.000274,0.9327787615525001,-0.000007811933735836236,
0.000275,0.9347941962267178,-0.000007763755392228004,
0.000276,0.9367879422960748,-0.000007715279055009347,
0.000277,0.9387601380886214,-0.000007666519380928286,
0.000278,0.9407109227000927,-0.000007617490790790454,
0.000279,0.9426404359535678,-0.000007568207470904546,
0.00028,0.9445488183597904,-0.00000751868337456519,
0.000281,0.9464362110781482,-0.00000746893222357128,
0.000282,0.9483027558783051,-0.000007418967509778595,
0.000283,0.950148595102482,-0.000007368802496684815,
0.000284,0.9519738716283818,-0.0000073184502210458135,
0.000285,0.9537787288327535,-0.000007267923494521435,
0.000286,0.9555633105555917,-0.000007217234905349749,
0.000287,0.9573277610649658,-0.000007166396820048004,
0.000288,0.9590722250224736,-0.00000711542138513912,
0.000289,0.9607968474493157,-0.000007064320528902452,
0.00029,0.9625017736929846,-0.000007013105963147551,
0.000291,0.9641871493945636,-0.000006961789185009485,
0.000292,0.9658531204566312,-0.00000691038147876465,
0.000293,0.9674998330117635,-0.000006858893917665972,
0.000294,0.9691274333916329,-0.000006807337365796072,
0.000295,0.9707360680966947,-0.000006755722479937483,
0.000296,0.972325883766457,-0.0000067040597114588,
0.000297,0.9738970271503299,-0.000006652359308215496,
0.000298,0.9754496450790466,-0.000006600631316464588,
0.000299,0.9769838844366538,-0.000006548885582792086,
0.0003,0.9784998921330597,-0.0000064971317560519625,
0.000301,0.9799978150771439,-0.000006445379289316093,
0.000302,0.9814778001504143,-0.0000063936374418339605,
0.000303,0.9829399941812097,-0.0000063419152810011935,
0.000304,0.9843845439194431,-0.000006290221684336138,
0.000305,0.9858115960118783,-0.000006238565341463588,
0.000306,0.9872212969779355,-0.000006186954756104762,
0.000307,0.9886137931860179,-0.000006135398248072771,
0.000308,0.9899892308303571,-0.000006083903955272624,
0.000309,0.9913477559083687,-0.000006032479835705296,
0.00031,0.9926895141985139,-0.00000598113366947471,
0.000311,0.9940146512386607,-0.000005929873060797203,
0.000312,0.9953233123049405,-0.0000058787054400126746,
0.000313,0.9966156423910909,-0.000005827638065596579,
0.000314,0.997891786188283,-0.0000057766780261723016,
0.000315,0.9991518880654253,-0.0000057258322425231014,
0.000316,1.000396092049939,-0.0000056751074696031366,
0.000317,1.0016245418089993,-0.000005624510298546735,
0.000318,1.002837380631235,-0.000005574047158675526,
0.000319,1.004034751408884,-0.0000055237243195027225,
0.00032,1.005216796620398,-0.000005473547892734113,
0.000321,1.006383658313487,-0.000005423523834265009,
0.000322,1.0075354780886052,-0.000005373657946172866,
0.000323,1.0086723970828644,-0.000005323955878704891,
0.000324,1.0097945559543753,-0.000005274423132260119,
0.000325,1.0109020948670118,-0.0000052250650593658265,
0.000326,1.0119951534755842,-0.000005175886866647229,
0.000327,1.0130738709114262,-0.000005126893616790535,
0.000328,1.0141383857683839,-0.000005078090230498705,
0.000329,1.0151888360892034,-0.000005029481488439458,
0.00033,1.01622535935231,-0.00000498107203318526,
0.000331,1.0172480924589762,-0.000004932866371144745,
0.000332,1.018257171720869,-0.000004884868874485392,
0.000333,1.0192527328479761,-0.000004837083783046882,
0.000334,1.0202349109369007,-0.000004789515206244952,
0.000335,1.0212038404595225,-0.000004742167124965326,
0.000336,1.0221596552520198,-0.00000469504339344746,
0.000337,1.0231024885042437,-0.0000046481477411577166,
0.000338,1.0240324727494454,-0.000004601483774651729,
0.000339,1.0249497398543443,-0.000004555054979425662,
0.00034,1.0258544210095373,-0.000004508864721756083,
0.000341,1.0267466467202404,-0.000004462916250528226,
0.000342,1.0276265467973609,-0.000004417212699052234,
0.000343,1.02849425034889,-0.000004371757086867456,
0.000344,1.0293498857716177,-0.000004326552321534229,
0.000345,1.0301935807431573,-0.000004281601200413131,
0.000346,1.0310254622142803,-0.000004236906412431489,
0.000347,1.0318456564015557,-0.0000041924705398367915,
0.000348,1.0326542887802839,-0.000004148296059937025,
0.000349,1.033451484077729,-0.000004104385346827601,
0.00035,1.034237366266635,-0.000004060740673104799,
0.000351,1.03501205855903,-0.000004017364211565458,
0.000352,1.0357756834003058,-0.000003974258036892915,
0.000353,1.0365283624635746,-0.0000039314241273289005,
0.000354,1.0372702166442933,-0.00000388886436633134,
0.000355,1.0380013660551544,-0.000003846580544217919,
0.000356,1.0387219300212356,-0.0000038045743597953337,
0.000357,1.0394320270754047,-0.0000037628474219739555,
0.000358,1.0401317749539793,-0.000003721401251368019,
0.000359,1.040821290592628,-0.0000036802372818811573,
0.00036,1.041500690122517,-0.000003639356862277096,
0.000361,1.0421700888666938,-0.0000035987612577356055,
0.000362,1.0428296013367044,-0.000003558451651393509,
0.000363,1.043479341229438,-0.0000035184291458706412,
0.000364,1.0441194214241996,-0.0000034786947647809164,
0.000365,1.0447499539799985,-0.0000034392494542282136,
0.000366,1.045371050133058,-0.0000034000940842870607,
0.000367,1.0459828202945336,-0.0000033612294504683224,
0.000368,1.0465853740484414,-0.0000033226562751695047,
0.000369,1.0471788201497887,-0.000003284375209109851,
0.00037,1.0477632665229044,-0.0000032463868327502383,
0.000371,1.0483388202599688,-0.000003208691657697684,
0.000372,1.0489055876197295,-0.000003171290128094635,
0.000373,1.0494636740264107,-0.0000031341826219928483,
0.000374,1.0500131840688032,-0.0000030973694527120565,
0.000375,1.0505542214995363,-0.000003060850870183229,
0.000376,1.051086889234526,-0.00000302462706227656,
0.000377,1.0516112893525957,-0.0000029886981561141584,
0.000378,1.0521275230952674,-0.000002953064219367461,
0.000379,1.0526356908667147,-0.000002917725261539323,
0.00038,1.0531358922338836,-0.0000028826812352309293,
0.000381,1.0536282259267657,-0.0000028479320373934306,
0.000382,1.0541127898388307,-0.0000028134775105644206,
0.000383,1.0545896810276072,-0.00000277931744408927,
0.000384,1.0550589957154135,-0.0000027454515753273435,
0.000385,1.0555208292902312,-0.00000271187959084309,
0.000386,1.0559752763067223,-0.0000026786011275821713,
0.000387,1.0564224304873817,-0.0000026456157740326213,
0.000388,1.0568623847238257,-0.0000026129230713709606,
0.000389,1.0572952310782124,-0.0000025805225145935806,
0.00039,1.0577210607847891,-0.0000025484135536332935,
0.000391,1.0581399642515643,-0.0000025165955944609796,
0.000392,1.0585520310621062,-0.0000024850680001727576,
0.000393,1.0589573499774516,-0.0000024538300920623704,
0.000394,1.059356008938142,-0.0000024228811506791207,
0.000395,1.0597480950663618,-0.0000023922204168712264,
0.000396,1.060133694668194,-0.0000023618470928148395,
0.000397,1.060512893235979,-0.0000023317603430287475,
0.000398,1.0608857754507817,-0.0000023019592953747096,
0.000399,1.0612524251849558,-0.0000022724430420438023,
0.0004,1.0616129255048088,-0.0000022432106405284313,
0.000401,1.061967358673365,-0.000002214261114580552,
0.000402,1.0623158061532174,-0.000002185593455155871,
0.000403,1.0626583486094752,-0.0000021572066213442393,
0.000404,1.062995065912797,-0.0000021290995412862654,
0.000405,1.0633260371425077,-0.000002101271113076339,
0.000406,1.0636513405898034,-0.0000020737202056520744,
0.000407,1.0639710537610312,-0.000002046445659670226,
0.000408,1.0642852533810518,-0.0000020194462883693693,
0.000409,1.064594015396675,-0.00000199272087841915,
0.00041,1.0648974149801695,-0.000001966268190756555,
0.000411,1.0651955265328428,-0.0000019400869614089567,
0.000412,1.0654884236886915,-0.000001914175902304197,
0.000413,1.0657761793181155,-0.0000018885337020679302,
0.000414,1.0660588655316996,-0.0000018631590268081186,
0.000415,1.0663365536840534,-0.0000018380505208867805,
0.000416,1.0666093143777142,-0.0000018132068076794372,
0.000417,1.066877217467105,-0.0000017886264903218053,
0.000418,1.0671403320625497,-0.0000017643081524443953,
0.000419,1.0673987265343423,-0.0000017402503588947404,
0.00042,1.0676524685168656,-0.0000017164516564475662,
0.000421,1.0679016249127604,-0.0000016929105745029092,
0.000422,1.0681462618971438,-0.0000016696256257723623,
0.000423,1.06838644492187,-0.0000016465953069534668,
0.000424,1.068622238719839,-0.0000016238180993925599,
0.000425,1.068853707309342,-0.0000016012924697358727,
0.000426,1.0690809139984518,-0.0000015790168705692329,
0.000427,1.06930392138945,-0.000001556989741046511,
0.000428,1.0695227913832877,-0.0000015352095075066703,
0.000429,1.069737585184086,-0.0000015136745840798758,
0.00043,1.069948363303667,-0.0000014923833732824057,
0.000431,1.0701551855661147,-0.000001471334266600805,
0.000432,1.0703581111123703,-0.0000014505256450651359,
0.000433,1.0705571984048508,-0.0000014299558798117036,
0.000434,1.0707525052320979,-0.0000014096233326350991,
0.000435,1.0709440887134491,-0.0000013895263565298283,
0.000436,1.0711320053037372,-0.0000013696632962216245,
0.000437,1.0713163107980044,-0.0000013500324886885833,
0.000438,1.071497060336245,-0.0000013306322636720769,
0.000439,1.0716743084081621,-0.0000013114609441778325,
0.00044,1.0718481088579448,-0.0000012925168469669972,
0.000441,1.07201851488906,-0.0000012737982830374626,
0.000442,1.0721855790690613,-0.000001255303558095626,
0.000443,1.0723493533344102,-0.0000012370309730185318,
0.000444,1.0725098889953109,-0.0000012189788243065676,
0.000445,1.0726672367405556,-0.0000012011454045269108,
0.000446,1.0728214466423802,-0.0000011835290027477104,
0.000447,1.0729725681613296,-0.0000011661279049632746,
0.000448,1.0731206501511292,-0.0000011489403945101172,
0.000449,1.073265740863564,-0.0000011319647524742728,
0.00045,1.0734078879533622,-0.0000011151992580898363,
0.000451,1.0735471384830844,-0.0000010986421891287632,
0.000452,1.0736835389280153,-0.000001082291822282194,
0.000453,1.0738171351810564,-0.0000010661464335333693,
0.000454,1.0739479725576213,-0.0000010502042985221546,
0.000455,1.074076095800531,-0.0000010344636929014531,
0.000456,1.0742015490849073,-0.0000010189228926853718,
0.000457,1.0743243760230652,-0.000001003580174589497,
0.000458,1.0744446196694017,-9.884338163632602e-7,
0.000459,1.0745623225252816,-9.734820971144713e-7,
0.00046,1.0746775265439183,-9.5872329762622e-7,
0.000461,1.074790273135249,-9.441557006661546e-7,
0.000462,1.0749006031708037,-9.297775912883458e-7,
0.000463,1.0750085569885661,-9.155872571277053e-7,
0.000464,1.075114174397828,-9.015829886872336e-7,
0.000465,1.0752174946840345,-8.877630796180046e-7,
0.000466,1.0753185566136167,-8.74125826992156e-7,
0.000467,1.0754173984388196,-8.606695315689323e-7,
0.000468,1.0755140579025135,-8.473924980537981e-7,
0.000469,1.0756085722429962,-8.342930353508304e-7,
0.00047,1.0757009781987827,-8.213694568084762e-7,
0.000471,1.07579131201338,-8.086200804586544e-7,
0.000472,1.0758796094400511,-7.960432292495517e-7,
0.000473,1.0759659057465605,-7.836372312718449e-7,
0.000474,1.0760502357199078,-7.714004199788586e-7,
0.000475,1.0761326336710444,-7.593311344004309e-7,
0.000476,1.0762131334395728,-7.474277193506447e-7,
0.000477,1.0762917683984308,-7.356885256297065e-7,
0.000478,1.0763685714585571,-7.241119102198356e-7,
0.000479,1.0764435750735395,-7.126962364753953e-7,
0.00048,1.0765168112442427,-7.014398743072488e-7,
0.000481,1.0765883115234207,-6.903412003616485e-7,
0.000482,1.0766581070203056,-6.793985981933428e-7,
0.000483,1.076726228405179,-6.686104584334567e-7,
0.000484,1.0767927059139224,-6.579751789519851e-7,
0.000485,1.0768575693525453,-6.474911650149058e-7,
0.000486,1.0769208481016939,-6.371568294362187e-7,
0.000487,1.0769825711211367,-6.269705927249231e-7,
0.000488,1.0770427669542282,-6.169308832268427e-7,
0.000489,1.0771014637323506,-6.0703613726168e-7,
0.00049,1.077158689179331,-5.972847992551161e-7,
0.000491,1.0772144706158377,-5.876753218662213e-7,
0.000492,1.0772688349637498,-5.78206166110189e-7,
0.000493,1.0773218087505052,-5.688758014764435e-7,
0.000494,1.0773734181134231,-5.596827060422235e-7,
0.000495,1.0774236888040034,-5.506253665818705e-7,
0.000496,1.077472646192198,-5.417022786714942e-7,
0.000497,1.0775203152706596,-5.329119467896306e-7,
0.000498,1.0775667206589645,-5.242528844135678e-7,
0.000499,1.077611886607809,-5.15723614111512e-7,
0.0005,1.07765583700318,-5.073226676308108e-7,
0.000501,1.0776985953704994,-4.990485859821976e-7,
0.000502,1.0777401848787418,-4.908999195199615e-7,
0.000503,1.0777806283445255,-4.828752280185104e-7,
0.000504,1.077819948236178,-4.749730807450959e-7,
0.000505,1.0778581666777716,-4.671920565287743e-7,
0.000506,1.0778953054531333,-4.59530743825913e-7,
0.000507,1.0779313860098285,-4.519877407819901e-7,
0.000508,1.077966429463114,-4.445616552899992e-7,
0.000509,1.0780004565998658,-4.3725110504553153e-7,
0.00051,1.0780334878824778,-4.300547175983227e-7,
0.000511,1.0780655434527326,-4.2297113040068963e-7,
0.000512,1.0780966431356438,-4.1599899085265016e-7,
0.000513,1.0781268064432707,-4.091369563440391e-7,
0.000514,1.078156052578504,-4.023836942933943e-7,
0.000515,1.0781844004388221,-3.95737882183904e-7,
0.000516,1.0782118686200215,-3.8919820759638904e-7,
0.000517,1.0782384754199146,-3.8276336823941085e-7,
0.000518,1.0782642388420014,-3.7643207197649927e-7,
0.000519,1.078289176599113,-3.7020303685067595e-7,
0.00052,1.0783133061170227,-3.6407499110622683e-7,
0.000521,1.0783366445380314,-3.580466732078106e-7,
0.000522,1.078359208724522,-3.5211683185703593e-7,
0.000523,1.0783810152624858,-3.4628422600633547e-7,
0.000524,1.0784020804650194,-3.4054762487065815e-7,
0.000525,1.0784224203757924,-3.349058079364411e-7,
0.000526,1.0784420507724857,-3.2935756496833027e-7,
0.000527,1.078460987170201,-3.23901696013603e-7,
0.000528,1.0784792448248408,-3.185370114043143e-7,
0.000529,1.0784968387364604,-3.1326233175717755e-7,
0.00053,1.0785137836525875,-3.0807648797139e-7,
0.000531,1.0785300940715172,-3.0297832122421277e-7,
0.000532,1.0785457842455741,-2.979666829646714e-7,
0.000533,1.0785608681843466,-2.9304043490503535e-7,
0.000534,1.0785753596578922,-2.881984490105327e-7,
0.000535,1.0785892721999149,-2.83439607486987e-7,
0.000536,1.0786026191109093,-2.787628027667647e-7,
0.000537,1.0786154134612822,-2.741669374927997e-7,
0.000538,1.0786276680944396,-2.696509245007679e-7,
0.000539,1.078639395629847,-2.652136867997399e-7,
0.00054,1.078650608466062,-2.6085415755099043e-7,
0.000541,1.0786613187837366,-2.565712800452119e-7,
0.000542,1.0786715385485894,-2.523640076782273e-7,
0.000543,1.0786812795143546,-2.4823130392496735e-7,
0.000544,1.0786905532256952,-2.4417214231211966e-7,
0.000545,1.0786993710210937,-2.401855063892076e-7,
0.000546,1.078707744035711,-2.3627038969829853e-7,
0.000547,1.078715683204218,-2.3242579574221867e-7,
0.000548,1.0787231992636006,-2.2865073795165454e-7,
0.000549,1.0787303027559334,-2.2494423965066527e-7,
0.00055,1.078737004031128,-2.2130533402111225e-7,
0.000551,1.0787433132496522,-2.177330640658043e-7,
0.000552,1.0787492403852224,-2.1422648257043117e-7,
0.000553,1.0787547952274663,-2.1078465206435928e-7,
0.000554,1.0787599873845612,-2.0740664478032842e-7,
0.000555,1.0787648262858427,-2.0409154261302025e-7,
0.000556,1.0787693211843845,-2.0083843707656753e-7,
0.000557,1.0787734811595557,-1.976464292610697e-7,
0.000558,1.0787773151195466,-1.9451462978818414e-7,
0.000559,1.07878083180387,-1.9144215876560989e-7,
0.00056,1.0787840397858353,-1.8842814574086488e-7,
0.000561,1.0787869474749936,-1.8547172965393763e-7,
0.000562,1.0787895631195612,-1.8257205878928952e-7,
0.000563,1.0787918948088113,-1.7972829072691208e-7,
0.000564,1.0787939504754434,-1.7693959229263262e-7,
0.000565,1.0787957378979238,-1.7420513950759687e-7,
0.000566,1.0787972647028028,-1.715241175371517e-7,
0.000567,1.0787985383670031,-1.6889572063885654e-7,
0.000568,1.0787995662200858,-1.663191521099174e-7,
0.000569,1.0788003554464878,-1.6379362423395596e-7,
0.00057,1.0788009130877352,-1.613183582271169e-7,
0.000571,1.0788012460446328,-1.588925841835948e-7,
0.000572,1.0788013610794258,-1.5651554102059328e-7,
0.000573,1.0788012648179388,-1.5418647642273403e-7,
0.000574,1.0788009637516884,-1.5190464678599765e-7,
0.000575,1.078800464239974,-1.4966931716102607e-7,
0.000576,1.0787997725119398,-1.4747976119610896e-7,
0.000577,1.078798894668616,-1.4533526107958607e-7,
0.000578,1.078797836684936,-1.4323510748195787e-7,
0.000579,1.078796604411727,-1.411785994974555e-7,
0.00058,1.0787952035776782,-1.3916504458535892e-7,
0.000581,1.0787936397912885,-1.371937585108606e-7,
0.000582,1.0787919185427837,-1.3526406528560165e-7,
0.000583,1.0787900452060173,-1.3337529710792683e-7,
0.000584,1.0787880250403457,-1.3152679430286217e-7,
0.000585,1.0787858631924787,-1.2971790526170303e-7,
0.000586,1.0787835646983097,-1.279479863815105e-7,
0.000587,1.0787811344847236,-1.2621640200421094e-7,
0.000588,1.0787785773713792,-1.2452252435559854e-7,
0.000589,1.0787758980724722,-1.2286573348403525e-7,
0.00059,1.078773101198476,-1.212454171990523e-7,
0.000591,1.0787701912578596,-1.196609710097467e-7,
0.000592,1.0787671726587835,-1.1811179806300319e-7,
0.000593,1.0787640497107749,-1.1659730908168126e-7,
0.000594,1.0787608266263828,-1.1511692230259538e-7,
0.000595,1.0787575075228084,-1.1367006341440346e-7,
0.000596,1.0787540964235183,-1.1225616549543419e-7,
0.000597,1.0787505972598341,-1.108746689515492e-7,
0.000598,1.078747013872503,-1.0952502145369939e-7,
0.000599,1.078743350013248,-1.0820667787571048e-7,
0.0006,1.0787396093462953,-1.0691910023191062e-7,
0.000601,1.0787357954498855,-1.0566175761473453e-7,
0.000602,1.0787319118177618,-1.0443412613241411e-7,
0.000603,1.0787279618606402,-1.0323568884665404e-7,
0.000604,1.078723948907658,-1.0206593571029582e-7,
0.000605,1.0787198762078063,-1.00924363505074e-7,
0.000606,1.07871574693134,-9.981047577943918e-8,
0.000607,1.0787115641711698,-9.872378278635465e-8,
0.000608,1.0787073309442368,-9.766380142135129e-8,
0.000609,1.0787030501928663,-9.663005516051407e-8,
0.00061,1.0786987247861035,-9.562207399856175e-8,
0.000611,1.078694357521033,-9.463939438724638e-8,
0.000612,1.0786899511240764,-9.368155917365227e-8,
0.000613,1.0786855082522753,-9.274811753874455e-8,
0.000614,1.0786810314945543,-9.183862493596339e-8,
0.000615,1.078676523372968,-9.095264303016083e-8,
0.000616,1.0786719863439287,-9.008973963647817e-8,
0.000617,1.0786674227994189,-8.924948865961681e-8,
0.000618,1.0786628350681842,-8.843147003311866e-8,
0.000619,1.0786582254169115,-8.763526965883255e-8,
0.00062,1.0786535960513892,-8.686047934677492e-8,
0.000621,1.0786489491176516,-8.610669675503183e-8,
0.000622,1.0786442867031052,-8.537352532990351e-8,
0.000623,1.078639610837641,-8.466057424626722e-8,
0.000624,1.0786349234947286,-8.396745834821646e-8,
0.000625,1.0786302265924959,-8.329379808995033e-8,
0.000626,1.0786255219947918,-8.263921947681801e-8,
0.000627,1.0786208115122353,-8.200335400671095e-8,
0.000628,1.078616096903246,-8.138583861168513e-8,
0.000629,1.0786113798750623,-8.078631559979803e-8,
0.00063,1.0786066620847419,-8.020443259729083e-8,
0.000631,1.0786019451401507,-7.963984249099996e-8,
0.000632,1.078597230600934,-7.90922033711222e-8,
0.000633,1.0785925199794726,-7.856117847411534e-8,
0.000634,1.0785878147418284,-7.804643612615145e-8,
0.000635,1.078583116308671,-7.754764968654814e-8,
0.000636,1.0785784260561937,-7.706449749179445e-8,
0.000637,1.0785737453170132,-7.659666279969537e-8,
0.000638,1.078569075381057,-7.61438337339649e-8,
0.000639,1.0785644174964357,-7.570570322898531e-8,
0.00064,1.0785597728703038,-7.528196897505368e-8,
0.000641,1.0785551426697046,-7.487233336386647e-8,
0.000642,1.0785505280224044,-7.447650343426906e-8,
0.000643,1.0785459300177112,-7.409419081854928e-8,
0.000644,1.078541349707283,-7.372511168882425e-8,
0.000645,1.0785367881059214,-7.336898670394881e-8,
0.000646,1.0785322461923532,-7.302554095668539e-8,
0.000647,1.0785277249100005,-7.269450392123229e-8,
0.000648,1.0785232251677361,-7.237560940109813e-8,
0.000649,1.0785187478406302,-7.20685954773651e-8,
0.00065,1.0785142937706818,-7.177320445732921e-8,
0.000651,1.0785098637675394,-7.148918282332007e-8,
0.000652,1.078505458609212,-7.121628118217183e-8,
0.000653,1.078501079042764,-7.095425421482718e-8,
0.000654,1.078496725785004,-7.070286062635493e-8,
0.000655,1.0784923995231583,-7.046186309645455e-8,
0.000656,1.0784881009155345,-7.023102823019626e-8,
0.000657,1.0784838305921747,-7.001012650911226e-8,
0.000658,1.078479589155497,-6.979893224280015e-8,
0.000659,1.0784753771809268,-6.959722352082063e-8,
0.00066,1.0784711952175168,-6.940478216494796e-8,
0.000661,1.078467043788558,-6.922139368184388e-8,
0.000662,1.0784629233921779,-6.90468472160606e-8,
0.000663,1.0784588345019313,-6.888093550347199e-8,
0.000664,1.0784547775673783,-6.87234548250747e-8,
0.000665,1.078450753014655,-6.857420496111751e-8,
0.000666,1.0784467612470325,-6.843298914570957e-8,
0.000667,1.0784428026454667,-6.829961402171143e-8,
0.000668,1.0784388775691391,-6.817388959608046e-8,
0.000669,1.0784349863559868,-6.805562919551416e-8,
0.00067,1.0784311293232247,-6.794464942257506e-8,
0.000671,1.078427306767858,-6.784077011217166e-8,
0.000672,1.078423518967186,-6.774381428837457e-8,
0.000673,1.0784197661792947,-6.765360812166096e-8,
0.000674,1.0784160486435446,-6.756998088651093e-8,
0.000675,1.0784123665810454,-6.749276491941313e-8,
0.000676,1.0784087201951267,-6.742179557725337e-8,
0.000677,1.0784051096717955,-6.735691119608137e-8,
0.000678,1.0784015351801888,-6.729795305021847e-8,
0.000679,1.0783979968730164,-6.724476531180958e-8,
0.00068,1.078394494886997,-6.719719501076625e-8,
0.000681,1.078391029343284,-6.715509199497247e-8,
0.000682,1.0783876003478847,-6.711830889101763e-8,
0.000683,1.0783842079920731,-6.708670106523101e-8,
0.000684,1.0783808523527922,-6.706012658503324e-8,
0.000685,1.07837753349305,-6.703844618087944e-8,
0.000686,1.0783742514623103,-6.702152320831585e-8,
0.000687,1.078371006296871,-6.700922361059121e-8,
0.000688,1.0783677980202404,-6.700141588153796e-8,
0.000689,1.0783646266435036,-6.699797102893536e-8,
0.00069,1.0783614921656814,-6.69987625381288e-8,
0.000691,1.0783583945740842,-6.70036663360926e-8,
0.000692,1.078355333844659,-6.701256075585453e-8,
0.000693,1.078352309942326,-6.702532650127951e-8,
0.000694,1.0783493228213141,-6.704184661221453e-8,
0.000695,1.0783463724254856,-6.706200642997371e-8,
0.000696,1.0783434586886558,-6.708569356322042e-8,
0.000697,1.0783405815349074,-6.71127978542493e-8,
0.000698,1.0783377408788972,-6.7143211345559e-8,
0.000699,1.0783349366261559,-6.717682824681684e-8,
0.0007,1.078332168673385,-6.721354490221465e-8,
0.000701,1.0783294369087442,-6.725325975799388e-8,
0.000702,1.078326741212135,-6.729587333069104e-8,
0.000703,1.0783240814554775,-6.734128817537736e-8,
0.000704,1.0783214575029831,-6.738940885440685e-8,
0.000705,1.0783188692114185,-6.744014190653525e-8,
0.000706,1.078316316430368,-6.749339581632973e-8,
0.000707,1.0783137990024867,-6.754908098389701e-8,
0.000708,1.0783113167637515,-6.760710969506934e-8,
0.000709,1.0783088695437044,-6.766739609185952e-8,
0.00071,1.0783064571656922,-6.772985614315129e-8,
0.000711,1.0783040794471002,-6.779440761597439e-8,
0.000712,1.0783017361995808,-6.786097004689305e-8,
0.000713,1.0782994272292783,-6.792946471379464e-8,
0.000714,1.078297152337047,-6.799981460807643e-8,
0.000715,1.078294911318667,-6.807194440706246e-8,
0.000716,1.078292703965052,-6.814578044682146e-8,
0.000717,1.078290530062455,-6.822125069528723e-8,
0.000718,1.0782883893926705,-6.829828472562351e-8,
0.000719,1.0782862817332262,-6.837681369008808e-8,
0.00072,1.0782842068575793,-6.845677029400576e-8,
0.000721,1.0782821645353,-6.853808877022747e-8,
0.000722,1.0782801545322567,-6.862070485376951e-8,
0.000723,1.0782781766107932,-6.870455575694616e-8,
0.000724,1.0782762305299034,-6.87895801445518e-8,
0.000725,1.0782743160454038,-6.88757181095966e-8,
0.000726,1.0782724329100961,-6.896291114916588e-8,
0.000727,1.0782705808739341,-6.905110214072934e-8,
0.000728,1.0782687596841791,-6.914023531863345e-8,
0.000729,1.0782669690855562,-6.92302562509396e-8,
0.00073,1.078265208820406,-6.932111181659827e-8,
0.000731,1.0782634786288305,-6.941275018279528e-8,
0.000732,1.078261778248839,-6.9505120782766e-8,
0.000733,1.0782601074164868,-6.959817429372479e-8,
0.000734,1.078258465866013,-6.969186261519345e-8,
0.000735,1.0782568533299737,-6.978613884753398e-8,
0.000736,1.0782552695393723,-6.98809572708488e-8,
0.000737,1.078253714223786,-6.997627332407887e-8,
0.000738,1.07825218711149,-7.007204358443514e-8,
0.000739,1.0782506879295777,-7.016822574710932e-8,
0.00074,1.0782492164040771,-7.026477860516321e-8,
0.000741,1.0782477722600665,-7.036166202980848e-8,
0.000742,1.0782463552217851,-7.045883695085634e-8,
0.000743,1.0782449650127408,-7.055626533752954e-8,
0.000744,1.0782436013558159,-7.065391017943842e-8,
0.000745,1.0782422639733704,-7.075173546789617e-8,
0.000746,1.0782409525873404,-7.08497061774047e-8,
0.000747,1.0782396669193355,-7.094778824749606e-8,
0.000748,1.0782384066907342,-7.104594856476128e-8,
0.000749,1.0782371716227737,-7.114415494512326e-8,
0.00075,1.07823596143664,-7.124237611643971e-8,
0.000751,1.0782347758535547,-7.134058170120828e-8,
0.000752,1.0782336145948581,-7.143874219969682e-8,
0.000753,1.0782324773820915,-7.153682897310006e-8,
0.000754,1.0782313639370762,-7.163481422716706e-8,
0.000755,1.0782302739819893,-7.173267099587084e-8,
0.000756,1.0782292072394402,-7.183037312541863e-8,
0.000757,1.0782281634325408,-7.192789525849914e-8,
0.000758,1.0782271422849767,-7.20252128186291e-8,
0.000759,1.078226143521075,-7.212230199495238e-8,
0.00076,1.0782251668658684,-7.221913972701649e-8,
0.000761,1.0782242120451622,-7.231570368998087e-8,
0.000762,1.0782232787855919,-7.241197227986472e-8,
0.000763,1.0782223668146846,-7.250792459918378e-8,
0.000764,1.0782214758609179,-7.260354044266477e-8,
0.000765,1.0782206056537729,-7.269880028326644e-8,
0.000766,1.078219755923789,-7.279368525832608e-8,
0.000767,1.078218926402617,-7.288817715601754e-8,
0.000768,1.0782181168230678,-7.298225840194223e-8,
0.000769,1.0782173269191604,-7.307591204589638e-8,
0.00077,1.07821655642617,-7.316912174893216e-8,
0.000771,1.0782158050806714,-7.326187177057816e-8,
0.000772,1.078215072620583,-7.33541469562109e-8,
0.000773,1.0782143587852082,-7.344593272470041e-8,
0.000774,1.0782136633152748,-7.353721505617862e-8,
0.000775,1.0782129859529743,-7.362798048005587e-8,
0.000776,1.0782123264419987,-7.371821606319495e-8,
0.000777,1.0782116845275753,-7.380790939825218e-8,
0.000778,1.0782110599565002,-7.389704859224994e-8,
0.000779,1.0782104524771727,-7.398562225533111e-8,
0.00078,1.0782098618396236,-7.407361948960646e-8,
0.000781,1.0782092877955483,-7.41610298783356e-8,
0.000782,1.0782087300983316,-7.424784347510888e-8,
0.000783,1.0782081885030772,-7.433405079332443e-8,
0.000784,1.0782076627666335,-7.441964279584412e-8,
0.000785,1.0782071526476162,-7.450461088469721e-8,
0.000786,1.078206657906433,-7.458894689104932e-8,
0.000787,1.0782061783053067,-7.467264306537349e-8,
0.000788,1.0782057136082936,-7.47556920676679e-8,
0.000789,1.0782052635813055,-7.483808695794105e-8,
0.00079,1.078204827992128,-7.491982118678788e-8,
0.000791,1.0782044066104364,-7.500088858616689e-8,
0.000792,1.0782039992078152,-7.508128336027817e-8,
0.000793,1.0782036055577708,-7.516100007668534e-8,
0.000794,1.0782032254357483,-7.524003365749066e-8,
0.000795,1.0782028586191434,-7.531837937075565e-8,
0.000796,1.0782025048873158,-7.539603282193571e-8,
0.000797,1.0782021640216002,-7.54729899456395e-8,
0.000798,1.0782018358053185,-7.554924699743444e-8,
0.000799,1.0782015200237873,-7.562480054569684e-8,
0.0008,1.0782012164643293,-7.56996474638128e-8,
0.000801,1.0782009249162794,-7.577378492234992e-8,
0.000802,1.0782006451709933,-7.58472103814659e-8,
0.000803,1.0782003770218536,-7.5919921583382e-8,
0.000804,1.0782001202642755,-7.599191654503859e-8,
0.000805,1.0781998746957113,-7.606319355087117e-8,
0.000806,1.0781996401156557,-7.613375114569137e-8,
0.000807,1.0781994163256483,-7.620358812774564e-8,
0.000808,1.0781992031292766,-7.627270354181274e-8,
0.000809,1.0781990003321782,-7.634109667253474e-8,
0.00081,1.0781988077420428,-7.640876703782712e-8,
0.000811,1.0781986251686118,-7.647571438233852e-8,
0.000812,1.078198452423679,-7.654193867113802e-8,
0.000813,1.0781982893210909,-7.660744008353096e-8,
0.000814,1.078198135676745,-7.667221900682765e-8,
0.000815,1.0781979913085873,-7.673627603039423e-8,
0.000816,1.0781978560366123,-7.679961193980858e-8,
0.000817,1.0781977296828582,-7.686222771098437e-8,
0.000818,1.0781976120714045,-7.692412450456033e-8,
0.000819,1.078197503028369,-7.698530366031625e-8,
0.00082,1.0781974023819019,-7.704576669171217e-8,
0.000821,1.0781973099621822,-7.710551528056516e-8,
0.000822,1.0781972256014125,-7.716455127177109e-8,
0.000823,1.0781971491338136,-7.72228766682159e-8,
0.000824,1.078197080395617,-7.728049362564825e-8,
0.000825,1.0781970192250598,-7.733740444780437e-8,
0.000826,1.0781969654623775,-7.73936115815445e-8,
0.000827,1.0781969189497964,-7.744911761211295e-8,
0.000828,1.0781968795315267,-7.750392525845061e-8,
0.000829,1.0781968470537524,-7.755803736870663e-8,
0.00083,1.0781968213646262,-7.761145691568213e-8,
0.000831,1.0781968023142576,-7.766418699251276e-8,
0.000832,1.0781967897547056,-7.771623080835972e-8,
0.000833,1.0781967835399686,-7.776759168426144e-8,
0.000834,1.0781967835259751,-7.781827304896241e-8,
0.000835,1.0781967895705742,-7.786827843490811e-8,
0.000836,1.0781968015335235,-7.791761147432332e-8,
0.000837,1.0781968192764801,-7.796627589530745e-8,
0.000838,1.07819684266299,-7.801427551815164e-8,
0.000839,1.0781968715584755,-7.806161425152821e-8,
0.00084,1.0781969058302256,-7.8108296088977e-8,
0.000841,1.0781969453473832,-7.815432510528732e-8,
0.000842,1.0781969899809338,-7.819970545306458e-8,
0.000843,1.0781970396036942,-7.824444135943283e-8,
0.000844,1.0781970940902983,-7.828853712257466e-8,
0.000845,1.0781971533171875,-7.833199710857753e-8,
0.000846,1.0781972171625958,-7.837482574828062e-8,
0.000847,1.0781972855065383,-7.841702753413593e-8,
0.000848,1.0781973582307982,-7.84586070172304e-8,
0.000849,1.078197435218913,-7.849956880427956e-8,
0.00085,1.0781975163561623,-7.85399175547713e-8,
0.000851,1.0781976015295536,-7.857965797814023e-8,
0.000852,1.0781976906278092,-7.861879483101553e-8,
0.000853,1.078197783541353,-7.865733291453078e-8,
0.000854,1.0781978801622956,-7.869527707165816e-8,
0.000855,1.0781979803844215,-7.873263218469983e-8,
0.000856,1.078198084103175,-7.87694031727502e-8,
0.000857,1.0781981912156462,-7.880559498924953e-8,
0.000858,1.0781983016205559,-7.884121261959518e-8,
0.000859,1.0781984152182422,-7.887626107881028e-8,
0.00086,1.0781985319106466,-7.891074540929932e-8,
0.000861,1.0781986516012987,-7.89446706785982e-8,
0.000862,1.0781987741953025,-7.897804197725815e-8,
0.000863,1.078198899599321,-7.901086441668607e-8,
0.000864,1.0781990277215632,-7.904314312713826e-8,
0.000865,1.0781991584717672,-7.907488325567548e-8,
0.000866,1.078199291761188,-7.910608996426397e-8,
0.000867,1.078199427502581,-7.913676842782445e-8,
0.000868,1.0781995656101881,-7.916692383242971e-8,
0.000869,1.078199705999723,-7.919656137348756e-8,
0.00087,1.078199848588356,-7.922568625395698e-8,
0.000871,1.078199993294699,-7.925430368270631e-8,
0.000872,1.0782001400387926,-7.928241887280267e-8,
0.000873,1.0782002887420885,-7.931003703991958e-8,
0.000874,1.0782004393274365,-7.933716340075413e-8,
0.000875,1.0782005917190693,-7.936380317152029e-8,
0.000876,1.0782007458425875,-7.938996156645018e-8,
0.000877,1.078200901624945,-7.941564379636622e-8,
0.000878,1.0782010589944337,-7.944085506723851e-8,
0.000879,1.0782012178806704,-7.946560057891074e-8,
0.00088,1.0782013782145796,-7.948988552370107e-8,
0.000881,1.0782015399283806,-7.951371508516079e-8,
0.000882,1.0782017029555724,-7.953709443680507e-8,
0.000883,1.0782018672309182,-7.956002874095247e-8,
0.000884,1.0782020326904322,-7.958252314755234e-8,
0.000885,1.0782021992713644,-7.960458279297276e-8,
0.000886,1.0782023669121852,-7.962621279901856e-8,
0.000887,1.0782025355525717,-7.964741827176967e-8,
0.000888,1.078202705133394,-7.966820430065536e-8,
0.000889,1.0782028755966993,-7.968857595738175e-8,
0.00089,1.0782030468856985,-7.970853829498457e-8,
0.000891,1.0782032189447512,-7.97280963469209e-8,
0.000892,1.0782033917193528,-7.974725512614546e-8,
0.000893,1.0782035651561186,-7.97660196242853e-8,
0.000894,1.0782037392027708,-7.978439481077898e-8,
0.000895,1.0782039138081245,-7.980238563203523e-8,
0.000896,1.0782040889220725,-7.981999701071348e-8,
0.000897,1.0782042644955736,-7.983723384497385e-8,
0.000898,1.0782044404806364,-7.985410100767828e-8,
0.000899,1.0782046168303063,-7.987060334577211e-8,
0.0009,1.0782047934986532,-7.988674567958813e-8,
0.000901,1.0782049704407561,-7.990253280223907e-8,
0.000902,1.0782051476126908,-7.991796947896793e-8,
0.000903,1.0782053249715144,-7.993306044650516e-8,
0.000904,1.078205502475255,-7.994781041260533e-8,
0.000905,1.0782056800828963,-7.996222405546037e-8,
0.000906,1.0782058577543652,-7.997630602314544e-8,
0.000907,1.078206035450517,-7.999006093317214e-8,
0.000908,1.0782062131331256,-8.00034933720154e-8,
0.000909,1.0782063907648678,-8.00166078946029e-8,
0.00091,1.0782065683093112,-8.002940902394224e-8,
0.000911,1.0782067457309024,-8.004190125069755e-8,
0.000912,1.0782069229949527,-8.00540890327752e-8,
0.000913,1.0782071000676268,-8.006597679497078e-8,
0.000914,1.0782072769159297,-8.007756892867138e-8,
0.000915,1.0782074535076949,-8.008886979142633e-8,
0.000916,1.0782076298115717,-8.00998837067026e-8,
0.000917,1.0782078057970126,-8.011061496356843e-8,
0.000918,1.0782079814342622,-8.012106781645822e-8,
0.000919,1.0782081566943442,-8.013124648481782e-8,
0.00092,1.0782083315490507,-8.014115515298423e-8,
0.000921,1.0782085059709288,-8.015079796983928e-8,
0.000922,1.0782086799332704,-8.016017904871581e-8,
0.000923,1.0782088534101,-8.016930246713386e-8,
0.000924,1.0782090263761634,-8.017817226665523e-8,
0.000925,1.0782091988069153,-8.018679245264959e-8,
0.000926,1.07820937067851,-8.019516699428517e-8,
0.000927,1.078209541967789,-8.020329982427102e-8,
0.000928,1.078209712652269,-8.021119483876614e-8,
0.000929,1.078209882710133,-8.021885589729619e-8,
0.00093,1.078210052120218,-8.022628682268512e-8,
0.000931,1.0782102208620048,-8.023349140093232e-8,
0.000932,1.0782103889156074,-8.024047338112617e-8,
0.000933,1.0782105562617617,-8.024723647543917e-8,
0.000934,1.0782107228818159,-8.02537843590321e-8,
0.000935,1.0782108887577202,-8.026012067011959e-8,
0.000936,1.0782110538720158,-8.026624900981997e-8,
0.000937,1.0782112182078254,-8.027217294224285e-8,
0.000938,1.0782113817488432,-8.027789599444929e-8,
0.000939,1.0782115444793239,-8.028342165648094e-8,
0.00094,1.078211706384075,-8.028875338136802e-8,
0.000941,1.0782118674484447,-8.029389458517596e-8,
0.000942,1.0782120276583147,-8.029884864700053e-8,
0.000943,1.0782121870000883,-8.030361890909015e-8,
0.000944,1.0782123454606827,-8.030820867685326e-8,
0.000945,1.0782125030275187,-8.031262121892215e-8,
0.000946,1.0782126596885127,-8.031685976727801e-8,
0.000947,1.0782128154320665,-8.03209275172927e-8,
0.000948,1.0782129702470586,-8.032482762783458e-8,
0.000949,1.078213124122836,-8.03285632213735e-8,
0.00095,1.0782132770492039,-8.033213738407885e-8,
0.000951,1.078213429016419,-8.033555316592921e-8,
0.000952,1.0782135800151793,-8.033881358086767e-8,
0.000953,1.0782137300366166,-8.034192160687206e-8,
0.000954,1.0782138790722875,-8.034488018615279e-8,
0.000955,1.078214027114166,-8.034769222526495e-8,
0.000956,1.0782141741546345,-8.035036059521315e-8,
0.000957,1.0782143201864753,-8.035288813169964e-8,
0.000958,1.078214465202865,-8.035527763521905e-8,
0.000959,1.078214609197363,-8.035753187119433e-8,
0.00096,1.0782147521639078,-8.035965357023085e-8,
0.000961,1.0782148940968057,-8.036164542824933e-8,
0.000962,1.0782150349907254,-8.036351010661903e-8,
0.000963,1.0782151748406898,-8.036525023244838e-8,
0.000964,1.0782153136420698,-8.036686839867405e-8,
0.000965,1.0782154513905742,-8.036836716429212e-8,
0.000966,1.0782155880822457,-8.036974905458013e-8,
0.000967,1.078215723713452,-8.037101656122424e-8,
0.000968,1.078215858280879,-8.037217214264952e-8,
0.000969,1.0782159917815248,-8.037321822409076e-8,
0.00097,1.0782161242126918,-8.037415719790798e-8,
0.000971,1.07821625557198,-8.037499142372354e-8,
0.000972,1.0782163858572822,-8.037572322873329e-8,
0.000973,1.078216515066775,-8.037635490784894e-8,
0.000974,1.0782166431989137,-8.037688872393866e-8,
0.000975,1.0782167702524255,-8.037732690808926e-8,
0.000976,1.0782168962263041,-8.037767165980843e-8,
0.000977,1.0782170211198026,-8.037792514725257e-8,
0.000978,1.0782171449324278,-8.037808950753498e-8,
0.000979,1.0782172676639339,-8.03781668468199e-8,
0.00098,1.0782173893143172,-8.03781592406698e-8,
0.000981,1.07821750988381,-8.037806873429894e-8,
0.000982,1.0782176293728742,-8.037789734274617e-8,
0.000983,1.0782177477821968,-8.03776470511495e-8,
0.000984,1.078217865112684,-8.037731981503383e-8,
0.000985,1.0782179813654547,-8.037691756052887e-8,
0.000986,1.0782180965418369,-8.037644218457403e-8,
0.000987,1.0782182106433607,-8.037589555524884e-8,
0.000988,1.0782183236717537,-8.037527951194879e-8,
0.000989,1.0782184356289373,-8.037459586569688e-8,
0.00099,1.0782185465170187,-8.037384639940056e-8,
0.000991,1.0782186563382878,-8.037303286806434e-8,
0.000992,1.0782187650952129,-8.037215699908436e-8,
0.000993,1.0782188727904334,-8.037122049243195e-8,
0.000994,1.0782189794267585,-8.037022502107364e-8,
0.000995,1.0782190850071587,-8.036917223104684e-8,
0.000996,1.0782191895347644,-8.03680637417993e-8,
0.000997,1.0782192930128598,-8.036690114647851e-8,
0.000998,1.078219395444878,-8.036568601212631e-8,
0.000999,1.0782194968343985,-8.036441987999266e-8,
0.001,1.0782195971851405,-8.036310426574667e-8,
0.001001,1.0782196965009607,-8.036174065980023e-8,
0.001002,1.0782197947858485,-8.036033052747876e-8,
0.001003,1.0782198920439205,-8.035887530937169e-8,
0.001004,1.0782199882794188,-8.035737642151807e-8,
0.001005,1.078220083496706,-8.03558352557459e-8,
0.001006,1.0782201777002605,-8.035425317983657e-8,
0.001007,1.0782202708946735,-8.035263153783705e-8,
0.001008,1.078220363084646,-8.035097165036757e-8,
0.001009,1.0782204542749836,-8.034927481476377e-8,
0.00101,1.0782205444705932,-8.03475423054018e-8,
0.001011,1.0782206336764806,-8.034577537395922e-8,
0.001012,1.078220721897746,-8.034397524965794e-8,
0.001013,1.07822080913958,-8.034214313951119e-8,
0.001014,1.078220895407262,-8.034028022857533e-8,
0.001015,1.0782209807061558,-8.033838768024895e-8,
0.001016,1.0782210650417055,-8.033646663646308e-8,
0.001017,1.0782211484194337,-8.033451821798964e-8,
0.001018,1.0782212308449386,-8.03325435246328e-8,
0.001019,1.0782213123238897,-8.033054363553597e-8,
0.00102,1.078221392862025,-8.032851960935281e-8,
0.001021,1.0782214724651484,-8.032647248458665e-8,
0.001022,1.078221551139128,-8.032440327981215e-8,
0.001023,1.0782216288898903,-8.032231299389555e-8,
0.001024,1.0782217057234205,-8.032020260624271e-8,
0.001025,1.0782217816457575,-8.031807307702914e-8,
0.001026,1.078221856662993,-8.031592534748508e-8,
0.001027,1.0782219307812675,-8.031376034011559e-8,
0.001028,1.078222004006768,-8.031157895893765e-8,
0.001029,1.0782220763457262,-8.030938208969841e-8,
0.00103,1.0782221478044158,-8.030717060014963e-8,
0.001031,1.0782222183891488,-8.030494534024244e-8,
0.001032,1.0782222881062755,-8.030270714242838e-8,
0.001033,1.0782223569621798,-8.03004568217928e-8,
0.001034,1.0782224249632788,-8.029819517638238e-8,
0.001035,1.0782224921160186,-8.029592298735792e-8,
0.001036,1.0782225584268748,-8.029364101929173e-8,
0.001037,1.0782226239023478,-8.029135002033647e-8,
0.001038,1.0782226885489619,-8.028905072245749e-8,
0.001039,1.0782227523732637,-8.028674384169353e-8,
0.00104,1.078222815381819,-8.028443007834007e-8,
0.001041,1.0782228775812115,-8.028211011721846e-8,
0.001042,1.078222938978041,-8.027978462781788e-8,
0.001043,1.0782229995789205,-8.02774542645749e-8,
0.001044,1.0782230593904771,-8.027511966704765e-8,
0.001045,1.0782231184193463,-8.027278146017456e-8,
0.001046,1.078223176672173,-8.027044025445817e-8,
0.001047,1.07822323415561,-8.026809664615472e-8,
0.001048,1.0782232908763139,-8.026575121755732e-8,
0.001049,1.0782233468409463,-8.026340453708786e-8,
0.00105,1.07822340205617,-8.026105715958295e-8,
0.001051,1.0782234565286493,-8.025870962650724e-8,
0.001052,1.078223510265047,-8.025636246608262e-8,
0.001053,1.0782235632720236,-8.025401619358144e-8,
0.001054,1.0782236155562357,-8.02516713114298e-8,
0.001055,1.0782236671243353,-8.024932830946577e-8,
0.001056,1.0782237179829668,-8.024698766513718e-8,
0.001057,1.078223768138768,-8.024464984363404e-8,
0.001058,1.0782238175983667,-8.024231529812636e-8,
0.001059,1.0782238663683803,-8.023998446996115e-8,
0.00106,1.078223914455415,-8.023765778883718e-8,
0.001061,1.078223961866064,-8.023533567294982e-8,
0.001062,1.0782240086069061,-8.023301852924155e-8,
0.001063,1.0782240546845054,-8.023070675354485e-8,
0.001064,1.0782241001054096,-8.022840073076251e-8,
0.001065,1.0782241448761491,-8.022610083507459e-8,
0.001066,1.0782241890032367,-8.022380743006275e-8,
0.001067,1.0782242324931643,-8.02215208689487e-8,
0.001068,1.0782242753524054,-8.021924149469392e-8,
0.001069,1.0782243175874107,-8.021696964022831e-8,
0.00107,1.0782243592046092,-8.021470562861883e-8,
0.001071,1.0782244002104076,-8.021244977318756e-8,
0.001072,1.0782244406111876,-8.021020237774711e-8,
0.001073,1.078224480413307,-8.020796373670313e-8,
0.001074,1.0782245196230973,-8.020573413522612e-8,
0.001075,1.078224558246864,-8.020351384943476e-8,
0.001076,1.0782245962908854,-8.020130314652816e-8,
0.001077,1.0782246337614123,-8.019910228500348e-8,
0.001078,1.078224670664666,-8.019691151473383e-8,
0.001079,1.0782247070068398,-8.019473107714791e-8,
0.00108,1.0782247427940963,-8.019256120539341e-8,
0.001081,1.0782247780325676,-8.019040212447621e-8,
0.001082,1.078224812728354,-8.018825405139036e-8,
0.001083,1.0782248468875255,-8.018611719535595e-8,
0.001084,1.078224880516119,-8.018399175782702e-8,
0.001085,1.0782249136201383,-8.018187793273545e-8,
0.001086,1.0782249462055533,-8.017977590655636e-8,
0.001087,1.0782249782783013,-8.017768585850107e-8,
0.001088,1.078225009844284,-8.017560796065738e-8,
0.001089,1.0782250409093688,-8.017354237809787e-8,
0.00109,1.0782250714793875,-8.017148926905766e-8,
0.001091,1.0782251015601365,-8.016944878498271e-8,
0.001092,1.078225131157375,-8.016742107072648e-8,
0.001093,1.0782251602768267,-8.016540626467313e-8,
0.001094,1.0782251889241776,-8.016340449887072e-8,
0.001095,1.078225217105077,-8.016141589909241e-8,
0.001096,1.078225244825136,-8.015944058507888e-8,
0.001097,1.0782252720899275,-8.015747867052459e-8,
0.001098,1.0782252989049868,-8.015553026333652e-8,
0.001099,1.07822532527581,-8.015359546561903e-8,
0.0011,1.078225351207855,-8.015167437387417e-8,
0.001101,1.0782253767065397,-8.014976707914528e-8,
0.001102,1.0782254017772432,-8.014787366705056e-8,
0.001103,1.0782254264253048,-8.014599421794698e-8,
0.001104,1.078225450656024,-8.014412880699741e-8,
0.001105,1.0782254744746604,-8.014227750431655e-8,
0.001106,1.0782254978864334,-8.014044037511784e-8,
0.001107,1.0782255208965212,-8.013861747971417e-8,
0.001108,1.078225543510063,-8.01368088737459e-8,
0.001109,1.0782255657321556,-8.013501460816699e-8,
0.00111,1.0782255875678561,-8.013323472944771e-8,
0.001111,1.0782256090221807,-8.01314692796094e-8,
0.001112,1.0782256301001039,-8.012971829637467e-8,
0.001113,1.0782256508065595,-8.012798181319227e-8,
0.001114,1.0782256711464393,-8.012625985940933e-8,
0.001115,1.078225691124595,-8.01245524603421e-8,
0.001116,1.0782257107458366,-8.012285963737904e-8,
0.001117,1.0782257300149323,-8.012118140801261e-8,
0.001118,1.0782257489366085,-8.011951778603109e-8,
0.001119,1.0782257675155509,-8.01178687814964e-8,
0.00112,1.0782257857564035,-8.011623440094776e-8,
0.001121,1.078225803663768,-8.01146146473799e-8,
0.001122,1.0782258212422058,-8.011300952042589e-8,
0.001123,1.0782258384962362,-8.011141901637651e-8,
0.001124,1.0782258554303368,-8.010984312826065e-8,
0.001125,1.0782258720489437,-8.010828184598742e-8,
0.001126,1.0782258883564524,-8.010673515637711e-8,
0.001127,1.078225904357216,-8.010520304325465e-8,
0.001128,1.0782259200555468,-8.01036854875012e-8,
0.001129,1.0782259354557158,-8.010218246720937e-8,
0.00113,1.078225950561953,-8.010069395763909e-8,
0.001131,1.0782259653784465,-8.009921993138989e-8,
0.001132,1.0782259799093445,-8.009776035844368e-8,
0.001133,1.078225994158753,-8.009631520624128e-8,
0.001134,1.078226008130738,-8.009488443971151e-8,
0.001135,1.078226021829325,-8.009346802141971e-8,
0.001136,1.0782260352584976,-8.009206591156361e-8,
0.001137,1.0782260484222004,-8.009067806805961e-8,
0.001138,1.0782260613243366,-8.008930444665149e-8,
0.001139,1.07822607396877,-8.008794500093763e-8,
0.00114,1.0782260863593227,-8.00865996824111e-8,
0.001141,1.0782260984997787,-8.00852684405617e-8,
0.001142,1.0782261103938813,-8.008395122294522e-8,
0.001143,1.078226122045334,-8.00826479752095e-8,
0.001144,1.078226133457801,-8.008135864116186e-8,
0.001145,1.0782261446349068,-8.008008316285075e-8,
0.001146,1.0782261555802375,-8.007882148061813e-8,
0.001147,1.0782261662973396,-8.007757353313725e-8,
0.001148,1.0782261767897208,-8.007633925744471e-8,
0.001149,1.0782261870608503,-8.007511858906898e-8,
0.00115,1.078226197114159,-8.007391146205253e-8,
0.001151,1.078226206953039,-8.007271780894596e-8,
0.001152,1.078226216580845,-8.00715375609354e-8,
0.001153,1.0782262260008932,-8.00703706478627e-8,
0.001154,1.0782262352164624,-8.006921699828085e-8,
0.001155,1.0782262442307942,-8.006807653947308e-8,
0.001156,1.0782262530470923,-8.006694919756514e-8,
0.001157,1.078226261668524,-8.006583489753757e-8,
0.001158,1.0782262700982197,-8.006473356322477e-8,
0.001159,1.0782262783392729,-8.006364511743789e-8,
0.00116,1.0782262863947405,-8.006256948196031e-8,
0.001161,1.0782262942676437,-8.006150657759701e-8,
0.001162,1.0782263019609677,-8.006045632423093e-8,
0.001163,1.078226309477662,-8.005941864090566e-8,
0.001164,1.0782263168206405,-8.005839344572888e-8,
0.001165,1.0782263239927818,-8.005738065609281e-8,
0.001166,1.0782263309969298,-8.005638018855298e-8,
0.001167,1.078226337835893,-8.005539195896009e-8,
0.001168,1.078226344512446,-8.005441588252862e-8,
0.001169,1.0782263510293293,-8.005345187375852e-8,
0.00117,1.0782263573892483,-8.005249984652103e-8,
0.001171,1.0782263635948757,-8.00515597141621e-8,
0.001172,1.0782263696488503,-8.005063138943739e-8,
0.001173,1.0782263755537775,-8.004971478459606e-8,
0.001174,1.0782263813122295,-8.004880981141832e-8,
0.001175,1.0782263869267463,-8.004791638124351e-8,
0.001176,1.0782263923998345,-8.004703440498088e-8,
0.001177,1.0782263977339692,-8.00461637931345e-8,
0.001178,1.0782264029315929,-8.0045304455905e-8,
0.001179,1.078226407995117,-8.004445630312291e-8,
0.00118,1.0782264129269208,-8.0043619244353e-8,
0.001181,1.0782264177293523,-8.004279318887008e-8,
0.001182,1.0782264224047289,-8.004197804573267e-8,
0.001183,1.078226426955337,-8.004117372374297e-8,
0.001184,1.0782264313834327,-8.004038013155563e-8,
0.001185,1.0782264356912412,-8.00395971776786e-8,
0.001186,1.078226439880959,-8.003882477041586e-8,
0.001187,1.0782264439547518,-8.003806281803708e-8,
0.001188,1.0782264479147559,-8.00373112286592e-8,
0.001189,1.0782264517630793,-8.003656991039177e-8,
0.00119,1.0782264555018002,-8.003583877128522e-8,
0.001191,1.0782264591329689,-8.003511771935372e-8,
0.001192,1.0782264626586058,-8.003440666262955e-8,
0.001193,1.0782264660807055,-8.003370550915568e-8,
0.001194,1.0782264694012327,-8.003301416704862e-8,
0.001195,1.0782264726221253,-8.003233254450428e-8,
0.001196,1.078226475745294,-8.003166054971097e-8,
0.001197,1.078226478772622,-8.003099809105606e-8,
0.001198,1.0782264817059657,-8.00303450770107e-8,
0.001199,1.078226484547155,-8.002970141619007e-8,
0.0012,1.0782264872979934,-8.002906701738102e-8,
0.001201,1.0782264899602592,-8.002844178952973e-8,
0.001202,1.0782264925357037,-8.002782564178804e-8,
0.001203,1.078226495026053,-8.002721848349329e-8,
0.001204,1.0782264974330082,-8.002662022424647e-8,
0.001205,1.078226499758245,-8.002603077385246e-8,
0.001206,1.078226502003415,-8.00254500423803e-8,
0.001207,1.0782265041701442,-8.002487794018073e-8,
0.001208,1.0782265062600351,-8.002431437786347e-8,
0.001209,1.0782265082746665,-8.002375926636181e-8,
0.00121,1.078226510215592,-8.002321251689899e-8,
0.001211,1.0782265120843437,-8.002267404102826e-8,
0.001212,1.0782265138824285,-8.002214375063594e-8,
0.001213,1.078226515611332,-8.002162155796756e-8,
0.001214,1.0782265172725152,-8.002110737558908e-8,
0.001215,1.0782265188674183,-8.002060111647253e-8,
0.001216,1.0782265203974581,-8.002010269398156e-8,
0.001217,1.0782265218640301,-8.001961202183916e-8,
0.001218,1.0782265232685075,-8.001912901418673e-8,
0.001219,1.0782265246122424,-8.001865358556593e-8,
0.00122,1.078226525896565,-8.001818565095288e-8,
0.001221,1.0782265271227853,-8.001772512572722e-8,
0.001222,1.0782265282921915,-8.001727192574814e-8,
0.001223,1.0782265294060518,-8.001682596727634e-8,
0.001224,1.0782265304656142,-8.001638716704645e-8,
0.001225,1.078226531472106,-8.001595544229213e-8,
0.001226,1.0782265324267353,-8.001553071064413e-8,
0.001227,1.0782265333306902,-8.001511289030199e-8,
0.001228,1.078226534185139,-8.001470189984771e-8,
0.001229,1.0782265349912314,-8.001429765844123e-8,
0.00123,1.0782265357500984,-8.001390008569721e-8,
0.001231,1.0782265364628514,-8.001350910173507e-8,
0.001232,1.0782265371305837,-8.001312462719521e-8,
0.001233,1.078226537754371,-8.001274658323128e-8,
0.001234,1.0782265383352696,-8.001237489151247e-8,
0.001235,1.078226538874319,-8.001200947424543e-8,
0.001236,1.0782265393725408,-8.001165025414507e-8,
0.001237,1.078226539830939,-8.001129715447595e-8,
0.001238,1.0782265402505005,-8.001095009903867e-8,
0.001239,1.0782265406321954,-8.001060901219553e-8,
0.00124,1.0782265409769773,-8.001027381883948e-8,
0.001241,1.0782265412857825,-8.000994444441833e-8,
0.001242,1.078226541559532,-8.000962081491928e-8,
0.001243,1.0782265417991292,-8.00093028568754e-8,
0.001244,1.0782265420054633,-8.000899049744214e-8,
0.001245,1.0782265421794068,-8.000868366429468e-8,
0.001246,1.0782265423218163,-8.000838228565362e-8,
0.001247,1.078226542433534,-8.000808629033729e-8,
0.001248,1.0782265425153867,-8.000779560773702e-8,
0.001249,1.0782265425681863,-8.000751016779448e-8,
0.00125,1.0782265425927298,-8.000722990104204e-8,
0.001251,1.0782265425897994,-8.000695473857721e-8,
0.001252,1.078226542560164,-8.000668461211768e-8,
0.001253,1.0782265425045778,-8.000641945387992e-8,
0.001254,1.0782265424237811,-8.000615919674029e-8,
0.001255,1.0782265423185,-8.000590377406671e-8,
0.001256,1.0782265421894475,-8.000565311991359e-8,
0.001257,1.0782265420373234,-8.000540716881835e-8,
0.001258,1.078226541862814,-8.000516585596867e-8,
0.001259,1.0782265416665928,-8.000492911712749e-8,
0.00126,1.0782265414493202,-8.000469688860533e-8,
0.001261,1.0782265412116443,-8.000446910731765e-8,
0.001262,1.0782265409542005,-8.000424571075063e-8,
0.001263,1.078226540677612,-8.000402663699142e-8,
0.001264,1.0782265403824898,-8.000381182469372e-8,
0.001265,1.0782265400694329,-8.000360121310347e-8,
0.001266,1.078226539739029,-8.000339474203096e-8,
0.001267,1.078226539391853,-8.00031923519029e-8,
0.001268,1.0782265390284704,-8.000299398368784e-8,
0.001269,1.0782265386494334,-8.000279957893495e-8,
0.00127,1.0782265382552845,-8.000260907979969e-8,
0.001271,1.0782265378465543,-8.000242242898091e-8,
0.001272,1.078226537423763,-8.000223956977434e-8,
0.001273,1.0782265369874204,-8.000206044607032e-8,
0.001274,1.0782265365380257,-8.000188500225966e-8,
0.001275,1.0782265360760672,-8.000171318337773e-8,
0.001276,1.0782265356020242,-8.000154493496185e-8,
0.001277,1.078226535116365,-8.00013802031938e-8,
0.001278,1.0782265346195483,-8.000121893474388e-8,
0.001279,1.0782265341120236,-8.000106107689893e-8,
0.00128,1.0782265335942305,-8.000090657745643e-8,
0.001281,1.0782265330665988,-8.000075538485482e-8,
0.001282,1.07822653252955,-8.000060744801012e-8,
0.001283,1.078226531983495,-8.000046271642075e-8,
0.001284,1.0782265314288373,-8.000032114014872e-8,
0.001285,1.0782265308659709,-8.000018266980423e-8,
0.001286,1.0782265302952811,-8.000004725652594e-8,
0.001287,1.0782265297171445,-7.99999148520093e-8,
0.001288,1.0782265291319293,-7.999978540847125e-8,
0.001289,1.078226528539996,-7.999965887871952e-8,
0.00129,1.0782265279416958,-7.999953521602275e-8,
0.001291,1.078226527337373,-7.999941437426568e-8,
0.001292,1.0782265267273639,-7.999929630780485e-8,
0.001293,1.078226526111996,-7.999918097154983e-8,
0.001294,1.0782265254915908,-7.999906832093433e-8,
0.001295,1.0782265248664604,-7.99989583119025e-8,
0.001296,1.0782265242369111,-7.999885090093696e-8,
0.001297,1.078226523603241,-7.999874604501956e-8,
0.001298,1.0782265229657415,-7.999864370164329e-8,
0.001299,1.078226522324697,-7.999854382884971e-8,
0.0013,1.0782265216803848,-7.999844638511577e-8,
0.001301,1.0782265210330753,-7.999835132948307e-8,
0.001302,1.0782265203830323,-7.99982586214904e-8,
0.001303,1.0782265197305134,-7.999816822112964e-8,
0.001304,1.0782265190757692,-7.99980800889318e-8,
0.001305,1.0782265184190443,-7.999799418587737e-8,
0.001306,1.078226517760577,-7.999791047345766e-8,
0.001307,1.0782265171005996,-7.999782891366245e-8,
0.001308,1.0782265164393376,-7.999774946891798e-8,
0.001309,1.0782265157770123,-7.999767210216481e-8,
0.00131,1.0782265151138375,-7.9997596776814e-8,
0.001311,1.0782265144500216,-7.999752345671466e-8,
0.001312,1.0782265137857685,-7.999745210621728e-8,
0.001313,1.0782265131212758,-7.999738269011333e-8,
0.001314,1.078226512456735,-7.999731517365776e-8,
0.001315,1.0782265117923335,-7.999724952257155e-8,
0.001316,1.0782265111282527,-7.99971857030165e-8,
0.001317,1.0782265104646698,-7.999712368158519e-8,
0.001318,1.078226509801756,-7.999706342537616e-8,
0.001319,1.0782265091396777,-7.999700490181001e-8,
0.00132,1.078226508478597,-7.99969480788701e-8,
0.001321,1.078226507818671,-7.999689292492799e-8,
0.001322,1.078226507160052,-7.999683940874238e-8,
0.001323,1.0782265065028882,-7.99967874995558e-8,
0.001324,1.0782265058473224,-7.999673716700743e-8,
0.001325,1.0782265051934936,-7.999668838117788e-8,
0.001326,1.078226504541537,-7.999664111250638e-8,
0.001327,1.0782265038915821,-7.999659533189553e-8,
0.001328,1.0782265032437557,-7.999655101062311e-8,
0.001329,1.07822650259818,-7.999650812039467e-8,
0.00133,1.0782265019549733,-7.999646663328819e-8,
0.001331,1.0782265013142498,-7.99964265218434e-8,
0.001332,1.0782265006761198,-7.999638775889604e-8,
0.001333,1.0782265000406899,-7.999635031774658e-8,
0.001334,1.0782264994080633,-7.999631417204304e-8,
0.001335,1.0782264987783392,-7.999627929581857e-8,
0.001336,1.0782264981516139,-7.999624566350906e-8,
0.001337,1.0782264975279792,-7.999621324985905e-8,
0.001338,1.0782264969075241,-7.99961820300625e-8,
0.001339,1.0782264962903347,-7.999615197964154e-8,
0.00134,1.078226495676493,-7.999612307446581e-8,
0.001341,1.0782264950660787,-7.999609529082344e-8,
0.001342,1.0782264944591673,-7.999606860527741e-8,
0.001343,1.078226493855832,-7.999604299478726e-8,
0.001344,1.0782264932561425,-7.999601843667126e-8,
0.001345,1.0782264926601668,-7.999599490857733e-8,
0.001346,1.0782264920679683,-7.99959723884709e-8,
0.001347,1.0782264914796091,-7.9995950854689e-8,
0.001348,1.0782264908951473,-7.99959302859034e-8,
0.001349,1.078226490314639,-7.999591066109046e-8,
0.00135,1.078226489738138,-7.999589195957557e-8,
0.001351,1.0782264891656945,-7.999587416099312e-8,
0.001352,1.078226488597357,-7.999585724529805e-8,
0.001353,1.0782264880331713,-7.999584119276134e-8,
0.001354,1.078226487473181,-7.999582598395206e-8,
0.001355,1.0782264869174272,-7.999581159978652e-8,
0.001356,1.0782264863659485,-7.999579802147978e-8,
0.001357,1.0782264858187816,-7.99957852305384e-8,
0.001358,1.0782264852759604,-7.999577320871714e-8,
0.001359,1.0782264847375178,-7.999576193814116e-8,
0.00136,1.0782264842034834,-7.999575140120006e-8,
0.001361,1.0782264836738857,-7.99957415805656e-8,
0.001362,1.0782264831487507,-7.999573245920779e-8,
0.001363,1.0782264826281023,-7.999572402034375e-8,
0.001364,1.0782264821119627,-7.999571624750684e-8,
0.001365,1.0782264816003528,-7.99957091244957e-8,
0.001366,1.078226481093291,-7.999570263539068e-8,
0.001367,1.078226480590794,-7.999569676451609e-8,
0.001368,1.078226480092877,-7.999569149648127e-8,
0.001369,1.0782264795995533,-7.99956868161317e-8,
0.00137,1.0782264791108354,-7.999568270859941e-8,
0.001371,1.0782264786267328,-7.999567915928437e-8,
0.001372,1.0782264781472548,-7.999567615379023e-8,
0.001373,1.0782264776724078,-7.999567367801213e-8,
0.001374,1.078226477202198,-7.999567171805284e-8,
0.001375,1.0782264767366299,-7.999567026029582e-8,
0.001376,1.0782264762757061,-7.999566929135351e-8,
0.001377,1.078226475819428,-7.999566879806044e-8,
0.001378,1.078226475367796,-7.999566876749307e-8,
0.001379,1.0782264749208093,-7.999566918697584e-8,
0.00138,1.078226474478465,-7.999567004404019e-8,
0.001381,1.0782264740407606,-7.999567132647593e-8,
0.001382,1.0782264736076903,-7.999567302222785e-8,
0.001383,1.078226473179249,-7.999567511950592e-8,
0.001384,1.0782264727554294,-7.99956776067516e-8,
0.001385,1.0782264723362234,-7.999568047257493e-8,
0.001386,1.0782264719216221,-7.999568370583537e-8,
0.001387,1.0782264715116154,-7.999568729558984e-8,
0.001388,1.0782264711061924,-7.999569123109619e-8,
0.001389,1.078226470705341,-7.999569550180671e-8,
0.00139,1.0782264703090483,-7.999570009736032e-8,
0.001391,1.0782264699172999,-7.999570500762803e-8,
0.001392,1.0782264695300816,-7.999571022266731e-8,
0.001393,1.078226469147378,-7.999571573270778e-8,
0.001394,1.078226468769172,-7.999572152816294e-8,
0.001395,1.0782264683954472,-7.999572759966559e-8,
0.001396,1.0782264680261857,-7.999573393800388e-8,
0.001397,1.0782264676613684,-7.999574053417376e-8,
0.001398,1.0782264673009763,-7.99957473793053e-8,
0.001399,1.0782264669449888,-7.99957544647591e-8,
0.0014,1.0782264665933858,-7.999576178202346e-8,
0.001401,1.0782264662461458,-7.999576932277063e-8,
0.001402,1.0782264659032466,-7.999577707884407e-8,
0.001403,1.078226465564666,-7.999578504225535e-8,
0.001404,1.0782264652303808,-7.999579320517315e-8,
0.001405,1.0782264649003672,-7.999580155993902e-8,
0.001406,1.0782264645746011,-7.999581009904955e-8,
0.001407,1.078226464253058,-7.999581881514361e-8,
0.001408,1.0782264639357124,-7.999582770102338e-8,
0.001409,1.0782264636225385,-7.999583674961558e-8,
0.00141,1.0782264633135108,-7.999584595407462e-8,
0.001411,1.0782264630086025,-7.999585530762201e-8,
0.001412,1.0782264627077864,-7.999586480363735e-8,
0.001413,1.0782264624110358,-7.999587443568007e-8,
0.001414,1.0782264621183228,-7.999588419740803e-8,
0.001415,1.078226461829619,-7.999589408266116e-8,
0.001416,1.0782264615448964,-7.999590408535757e-8,
0.001417,1.0782264612641266,-7.99959141996203e-8,
0.001418,1.07822646098728,-7.999592441963035e-8,
0.001419,1.078226460714328,-7.999593473974968e-8,
0.00142,1.07822646044524,-7.999594515445145e-8,
0.001421,1.0782264601799874,-7.99959556583314e-8,
0.001422,1.0782264599185394,-7.999596624610192e-8,
0.001423,1.0782264596608657,-7.999597691260728e-8,
0.001424,1.0782264594069368,-7.999598765285004e-8,
0.001425,1.0782264591567212,-7.999599846188773e-8,
0.001426,1.0782264589101882,-7.999600933490763e-8,
0.001427,1.0782264586673065,-7.999602026723695e-8,
0.001428,1.0782264584280457,-7.999603125429553e-8,
0.001429,1.0782264581923737,-7.999604229161979e-8,
0.00143,1.0782264579602594,-7.99960533748498e-8,
0.001431,1.0782264577316711,-7.999606449973212e-8,
0.001432,1.0782264575065776,-7.999607566213094e-8,
0.001433,1.0782264572849465,-7.999608685798016e-8,
0.001434,1.0782264570667461,-7.999609808336131e-8,
0.001435,1.0782264568519448,-7.999610933442762e-8,
0.001436,1.0782264566405104,-7.999612060742535e-8,
0.001437,1.0782264564324107,-7.999613189872098e-8,
0.001438,1.0782264562276138,-7.999614320476133e-8,
0.001439,1.0782264560260877,-7.999615452207627e-8,
0.00144,1.0782264558277999,-7.999616584729189e-8,
0.001441,1.0782264556327184,-7.99961771771497e-8,
0.001442,1.0782264554408107,-7.999618850842669e-8,
0.001443,1.0782264552520457,-7.999619983804719e-8,
0.001444,1.07822645506639,-7.999621116297725e-8,
0.001445,1.078226454883812,-7.999622248028353e-8,
0.001446,1.07822645470428,-7.999623378712431e-8,
0.001447,1.0782264545277613,-7.999624508071824e-8,
0.001448,1.078226454354224,-7.999625635836736e-8,
0.001449,1.0782264541836366,-7.999626761745957e-8,
0.00145,1.0782264540159665,-7.999627885544585e-8,
0.001451,1.0782264538511825,-7.999629006988311e-8,
0.001452,1.0782264536892525,-7.999630125836169e-8,
0.001453,1.078226453530145,-7.999631241856182e-8,
0.001454,1.078226453373828,-7.999632354823615e-8,
0.001455,1.0782264532202703,-7.999633464522126e-8,
0.001456,1.0782264530694405,-7.999634570738023e-8,
0.001457,1.0782264529213073,-7.999635673267024e-8,
0.001458,1.0782264527758394,-7.999636771911819e-8,
0.001459,1.0782264526330054,-7.999637866480923e-8,
0.00146,1.0782264524927747,-7.999638956788922e-8,
0.001461,1.0782264523551166,-7.999640042656397e-8,
0.001462,1.0782264522200002,-7.999641123911416e-8,
0.001463,1.078226452087395,-7.999642200385397e-8,
0.001464,1.0782264519572706,-7.999643271919543e-8,
0.001465,1.0782264518295968,-7.9996443383562e-8,
0.001466,1.078226451704343,-7.999645399545578e-8,
0.001467,1.0782264515814797,-7.999646455343208e-8,
0.001468,1.0782264514609765,-7.999647505610627e-8,
0.001469,1.0782264513428046,-7.999648550214826e-8,
0.00147,1.0782264512269337,-7.999649589024937e-8,
0.001471,1.078226451113335,-7.999650621918165e-8,
0.001472,1.078226451001979,-7.999651648776161e-8,
0.001473,1.0782264508928368,-7.999652669483842e-8,
0.001474,1.0782264507858794,-7.999653683935075e-8,
0.001475,1.0782264506810786,-7.99965469202314e-8,
0.001476,1.0782264505784056,-7.999655693647652e-8,
0.001477,1.0782264504778325,-7.999656688715609e-8,
0.001478,1.0782264503793308,-7.999657677133999e-8,
0.001479,1.0782264502828727,-7.999658658816294e-8,
0.00148,1.0782264501884304,-7.999659633677607e-8,
0.001481,1.0782264500959768,-7.999660601642059e-8,
0.001482,1.0782264500054843,-7.999661562632395e-8,
0.001483,1.0782264499169258,-7.999662516581683e-8,
0.001484,1.078226449830275,-7.999663463421631e-8,
0.001485,1.078226449745504,-7.999664403087827e-8,
0.001486,1.0782264496625875,-7.99966533552213e-8,
0.001487,1.0782264495814988,-7.999666260665587e-8,
0.001488,1.0782264495022116,-7.999667178467603e-8,
0.001489,1.0782264494246998,-7.999668088879109e-8,
0.00149,1.0782264493489384,-7.999668991851616e-8,
0.001491,1.0782264492749016,-7.999669887344399e-8,
0.001492,1.0782264492025642,-7.99967077531957e-8,
0.001493,1.0782264491319014,-7.99967165573821e-8,
0.001494,1.0782264490628881,-7.999672528567559e-8,
0.001495,1.0782264489955,-7.999673393777787e-8,
0.001496,1.0782264489297126,-7.999674251340994e-8,
0.001497,1.0782264488655018,-7.999675101232949e-8,
0.001498,1.0782264488028435,-7.999675943430594e-8,
0.001499,1.078226448741714,-7.999676777913645e-8,